t,elapsed_s,rss_mb,py_rss_mb,proc_cpu_pct,poc_cpu_total,sys_cpu_pct,free_mb
20:39:43,3.5,291.5,,1.6,1.7,10.6,5546
20:39:46,6.5,320.0,,0.3,1.8,2.3,5511
20:39:49,9.5,320.0,,0.0,1.8,3.0,5514
20:39:52,12.5,320.0,,0.0,1.8,2.3,5522
20:39:56,15.5,320.0,667.1,0.0,1.8,2.5,5531
20:39:59,19.0,320.0,,0.0,1.8,4.9,5487
20:40:02,22.0,320.0,,0.0,1.8,5.1,5471
20:40:05,25.0,320.0,,0.0,1.8,2.8,5590
20:40:08,28.0,320.0,,0.0,1.8,1.8,5583
20:40:11,31.0,320.0,667.0,0.0,1.8,3.8,5576
20:40:14,34.4,320.0,,0.0,1.8,2.3,5574
20:40:17,37.4,320.0,,0.0,1.8,2.5,5579
20:40:20,40.4,319.9,,0.0,1.8,3.7,5610
20:40:23,43.4,319.9,,0.0,1.8,1.7,5614
20:40:27,46.4,319.9,667.0,0.0,1.8,1.7,5610
20:40:30,49.7,319.9,,0.0,1.8,4.3,5615
20:40:33,52.7,319.9,,0.0,1.8,2.1,5602
20:40:36,55.7,319.9,,0.0,1.8,1.4,5600
20:40:39,58.7,319.9,,0.0,1.8,2.0,5600
20:40:42,61.7,319.9,666.8,0.0,1.8,5.1,5571
20:40:45,65.1,319.9,,0.0,1.8,2.5,5568
20:40:48,68.1,319.9,,0.0,1.8,2.0,5574
20:40:51,71.1,391.7,,2.6,2.4,4.2,5494
20:40:54,74.1,443.5,,5.5,3.8,6.6,5439
20:40:57,77.1,490.8,850.6,6.6,5.3,7.9,5389
20:41:00,80.5,653.4,,4.6,6.4,6.4,5233
20:41:03,83.5,751.6,,3.8,7.3,6.5,5127
20:41:06,86.5,777.9,,6.7,9.0,8.0,5122
20:41:09,89.5,725.9,,7.2,10.7,11.3,5163
20:41:13,92.5,700.1,997.7,7.7,12.5,9.8,5206
20:41:16,95.9,674.4,,3.6,13.4,5.9,5225
20:41:19,98.9,746.7,,4.4,14.5,5.6,5156
20:41:22,101.9,770.4,,5.8,15.9,7.0,5123
20:41:25,104.9,837.4,,4.5,16.9,6.4,5057
20:41:28,107.9,789.9,1145.2,5.0,18.1,15.7,5033
20:41:31,111.3,684.9,,1.8,18.6,4.0,5019
20:41:34,114.3,684.9,,0.0,18.6,7.8,4956
20:41:37,117.3,684.9,,0.0,18.6,1.6,4952
20:41:41,120.3,685.0,1048.0,0.0,18.6,1.9,4956
20:41:44,123.7,685.0,,0.1,18.6,6.2,5097
20:41:47,126.7,685.0,,0.0,18.6,2.0,5087
20:41:50,129.7,685.0,,0.0,18.6,1.8,5097
20:41:53,132.7,685.0,,0.0,18.6,4.1,5088
20:41:56,135.7,685.0,1048.0,0.0,18.6,1.6,5088
20:41:59,139.1,685.0,,0.0,18.6,2.8,5090
20:42:02,142.1,685.0,,0.0,18.6,4.4,5157
20:42:05,145.1,685.0,,0.0,18.6,4.7,5205
20:42:08,148.1,685.0,,0.0,18.6,1.9,5213
20:42:11,151.1,685.0,1048.0,0.0,18.6,1.8,5223
20:42:14,154.5,685.0,,0.0,18.6,2.5,5223
20:42:17,157.5,685.0,,0.0,18.6,2.7,5213
20:42:20,160.5,685.0,,0.0,18.6,3.2,5219
20:42:23,163.5,685.0,,0.0,18.6,2.4,5218
20:42:27,166.5,685.0,1048.0,0.0,18.6,1.4,5220
20:42:30,169.8,685.0,,0.0,18.6,2.3,5223
20:42:33,172.8,685.0,,0.0,18.6,1.6,5223
20:42:36,175.8,685.0,,0.0,18.6,1.4,5213
20:42:39,178.8,685.0,,0.1,18.6,2.1,5207
20:42:42,181.8,685.0,1048.0,0.1,18.6,2.2,5210
20:42:45,185.2,685.0,,0.0,18.6,2.7,5206
20:42:48,188.2,685.0,,0.0,18.6,1.7,5210
20:42:51,191.2,685.0,,0.0,18.6,2.0,5214
20:42:54,194.2,685.0,,0.0,18.6,1.6,5211
20:42:57,197.2,685.0,1048.0,0.0,18.6,2.0,5214
20:43:00,200.6,685.0,,0.0,18.6,1.8,5218
20:43:03,203.6,685.0,,0.0,18.6,1.7,5168
20:43:06,206.6,685.0,,0.5,18.8,2.9,5224
20:43:09,209.6,685.0,,0.0,18.8,2.2,5235
20:43:13,212.6,685.0,979.3,0.0,18.8,1.7,5256
20:43:16,216.0,685.0,,0.0,18.8,3.3,5254
20:43:19,219.0,685.1,,0.0,18.8,8.2,5222
20:43:22,222.0,685.1,,0.0,18.8,11.8,5176
20:43:25,225.0,685.1,,0.0,18.8,2.3,5196
20:43:28,228.0,685.1,979.6,0.0,18.8,2.3,5196
20:43:31,231.4,685.1,,0.0,18.8,10.1,5171
20:43:34,234.4,685.1,,0.0,18.8,3.9,5125
20:43:37,237.4,685.1,,0.0,18.8,7.2,5101
20:43:41,240.4,685.1,979.6,0.0,18.8,1.8,5106
20:43:44,243.8,685.1,,0.0,18.8,4.5,5153
20:43:47,246.8,685.1,,0.0,18.8,6.5,5241
20:43:50,249.8,685.1,,0.0,18.8,3.3,5236
20:43:53,252.8,685.1,,0.0,18.8,5.1,5240
20:43:56,255.8,685.1,979.6,0.0,18.8,3.5,5252
20:43:59,259.2,685.1,,0.0,18.8,2.5,5252
20:44:02,262.2,685.1,,0.0,18.8,2.1,5256
20:44:05,265.2,685.1,,0.0,18.8,1.6,5254
20:44:08,268.2,685.1,,0.0,18.8,1.8,5258
20:44:11,271.2,685.1,979.6,0.0,18.8,1.8,5255
20:44:14,274.5,685.1,,0.0,18.8,2.7,5253
20:44:17,277.5,685.1,,0.0,18.8,2.2,5258
20:44:20,280.5,685.1,,0.0,18.8,1.6,5259
20:44:23,283.6,685.1,,0.0,18.8,2.5,5253
20:44:27,286.6,685.1,976.5,0.0,18.8,1.8,5256
20:44:30,289.9,685.1,,0.0,18.8,2.7,5248
20:44:33,292.9,685.1,,0.0,18.8,2.0,5257
20:44:36,295.9,685.1,,0.0,18.8,1.8,5260
20:44:39,298.9,685.1,,0.0,18.8,2.3,5246
20:44:42,301.9,685.1,976.6,0.0,18.8,2.2,5215
20:44:45,305.3,685.1,,0.0,18.8,2.5,5215
20:44:48,308.3,685.1,,0.0,18.8,1.8,5217
20:44:51,311.3,685.1,,0.0,18.8,2.1,5225
20:44:54,314.3,685.1,,0.0,18.8,3.3,5229
20:44:58,317.3,685.1,976.6,0.0,18.8,8.3,5179
20:45:01,320.7,685.1,,0.0,18.8,3.1,5184
20:45:04,323.7,685.1,,0.0,18.8,4.3,5186
20:45:07,326.7,685.1,,0.0,18.8,3.2,5272
20:45:10,329.7,685.1,,0.0,18.8,1.8,5276
20:45:13,332.7,685.1,976.5,0.0,18.8,1.7,5331
20:45:16,336.1,685.1,,0.1,18.8,3.9,5336
20:45:19,339.1,685.1,,0.0,18.8,1.4,5335
20:45:22,342.1,685.1,,0.0,18.8,2.1,5336
20:45:25,345.1,685.1,976.5,0.0,18.8,1.9,5337
20:45:28,348.5,685.1,,0.0,18.8,2.4,5321
20:45:31,351.5,685.1,,0.0,18.8,4.3,5311
20:45:34,354.5,685.1,,0.0,18.8,2.0,5314
20:45:37,357.5,685.1,,0.0,18.8,5.4,5302
20:45:41,360.5,685.1,976.5,0.0,18.8,3.0,5218
20:45:44,363.9,685.1,,0.0,18.8,5.4,5209
20:45:47,366.9,685.1,,0.0,18.8,13.1,5154
20:45:50,369.9,685.1,,0.0,18.8,10.2,5104
20:45:53,372.9,687.9,,0.6,18.9,9.2,5112
20:45:56,375.9,687.9,1032.3,0.0,18.9,5.1,5224
20:45:59,379.3,687.9,,0.0,18.9,2.5,5245
20:46:02,382.3,687.9,,0.0,18.9,2.1,5254
20:46:05,385.3,687.9,,0.1,18.9,3.7,5259
20:46:08,388.3,687.9,,0.0,18.9,1.9,5259
20:46:12,391.3,687.9,1032.3,0.0,18.9,1.2,5260
20:46:15,394.6,687.9,,0.0,18.9,2.3,5257
20:46:18,397.6,687.9,,0.0,18.9,1.8,5257
20:46:21,400.6,687.9,,0.0,18.9,1.4,5258
20:46:24,403.6,687.9,,0.0,18.9,5.2,5247
20:46:27,406.6,687.9,1032.3,0.0,18.9,3.8,5208
20:46:30,410.1,687.9,,0.0,18.9,7.1,5220
20:46:33,413.1,687.9,,0.0,18.9,7.4,5190
20:46:36,416.1,687.9,,0.0,18.9,4.2,5176
20:46:39,419.1,687.9,,0.0,18.9,10.1,5129
20:46:42,422.1,687.9,1032.3,0.0,18.9,7.7,5093
20:46:45,425.5,687.9,,0.0,18.9,3.5,5098
20:46:48,428.5,687.9,,0.0,18.9,1.9,5119
20:46:51,431.5,687.9,,0.0,18.9,2.7,5104
20:46:54,434.5,687.9,,0.0,18.9,5.0,5088
20:46:58,437.5,698.1,1059.3,1.4,19.3,4.4,5193
20:47:01,440.9,754.7,,8.0,21.2,8.8,5175
20:47:04,443.9,807.8,,3.7,22.1,13.9,4947
20:47:07,446.9,848.4,,4.2,23.1,6.6,5084
20:47:10,449.9,880.3,,5.7,24.5,7.0,5045
20:47:13,452.9,927.0,1288.8,5.4,25.8,6.4,5017
20:47:16,456.3,1048.7,,5.5,27.1,6.0,4903
20:47:19,459.3,1067.8,,5.1,28.3,6.5,4886
20:47:22,462.3,1071.2,,3.5,29.1,4.8,4886
20:47:26,465.3,956.7,1323.1,5.5,30.4,7.2,4890
20:47:29,468.7,1016.5,,5.1,31.7,6.4,4940
20:47:32,471.8,1081.3,,4.4,32.7,5.9,4885
20:47:35,474.8,1084.2,,2.8,33.4,4.2,4886
20:47:38,477.8,1127.9,,5.1,34.6,6.2,4854
20:47:41,480.8,1161.8,1517.3,6.8,36.3,7.6,4823
20:47:44,484.2,1048.2,,2.5,36.9,4.5,4800
20:47:47,487.2,1048.2,,0.0,36.9,1.6,4801
20:47:50,490.2,1048.2,,0.1,36.9,1.8,4800
20:47:53,493.2,1048.2,,0.1,36.9,1.8,4800
20:47:56,496.2,1048.2,1406.5,0.0,36.9,2.1,4799
20:47:59,499.6,1048.2,,0.0,36.9,2.3,4776
20:48:03,502.6,1048.2,,0.1,36.9,1.8,4777
20:48:06,505.6,1048.2,,0.0,36.9,1.3,4777
20:48:09,508.6,1048.2,,0.0,36.9,2.0,4780
20:48:12,511.6,1048.2,1406.5,0.0,36.9,2.6,4776
20:48:15,515.0,1048.2,,0.0,36.9,2.1,4767
20:48:18,518.0,1048.2,,0.0,36.9,1.0,4745
20:48:21,521.1,1048.2,,0.0,36.9,1.6,4744
20:48:24,524.1,1048.2,,0.0,36.9,1.2,4746
20:48:27,527.1,1048.2,1406.6,0.0,36.9,1.4,4740
20:48:30,530.5,1048.2,,0.0,36.9,2.8,4859
20:48:33,533.5,1048.2,,0.0,36.9,12.2,4826
20:48:36,536.5,1048.2,,0.0,36.9,5.5,4763
20:48:39,539.5,1048.2,,0.0,36.9,8.6,5113
20:48:43,542.5,1048.2,1406.6,0.0,36.9,9.4,5105
20:48:46,545.9,1048.2,,0.0,36.9,7.2,5200
20:48:49,548.9,1048.2,,0.0,36.9,0.8,5220
20:48:52,551.9,1048.2,,0.0,36.9,4.1,5328
20:48:55,554.9,1048.2,,0.0,36.9,1.3,5314
20:48:58,557.9,1048.2,1406.6,0.0,36.9,1.2,5316
20:49:01,561.3,1048.2,,0.0,36.9,4.7,5321
20:49:04,564.3,1048.2,,0.0,36.9,1.4,5308
20:49:07,567.3,1048.2,,0.0,36.9,1.6,5314
20:49:11,570.3,1048.2,1406.6,0.0,36.9,2.0,5469
20:49:14,573.6,1048.2,,0.0,36.9,2.2,5460
20:49:17,576.6,1048.2,,0.0,36.9,1.4,5462
20:49:20,579.6,1048.2,,0.0,36.9,0.8,5488
20:49:23,582.6,1048.2,,0.0,36.9,0.8,5492
20:49:26,585.6,1048.2,1392.3,0.0,36.9,1.5,5497
20:49:29,589.0,1048.2,,0.0,36.9,1.6,5495
20:49:32,592.0,1048.2,,0.0,36.9,1.2,5499
20:49:35,595.0,1047.7,,0.2,37.0,1.8,5558
20:49:38,598.0,1047.7,,0.0,37.0,1.0,5554
20:49:41,601.0,1047.7,1324.8,0.0,37.0,1.4,5555
